{
  "cv_lgb": 0.915421,
  "cv_xgb": 0.915673,
  "cv_cat": 0.915586,
  "cv_ens": 0.915853,
  "cv_opt": 0.915875,
  "weights": {
    "l": 0.15,
    "x": 0.45,
    "c": 0.4
  },
  "feats": 56
}