{
  "cv_lgb": 0.915499,
  "cv_xgb": 0.915627,
  "cv_cat": 0.915719,
  "cv_ens": 0.915911,
  "cv_opt": 0.915932,
  "weights": {
    "l": 0.2,
    "x": 0.3,
    "c": 0.5
  },
  "feats": 134
}