{
  "cv_opt": 0.915961,
  "weights": [
    0.15000000000000002,
    0.35000000000000003,
    0.49999999999999994
  ],
  "feats": 154
}