{
  "hc": 0.916834,
  "ridge": 0.916752,
  "avg": 0.916767,
  "best": "hc",
  "models": {
    "lgb_A": 0.916215,
    "xgb_A": 0.916507,
    "cat_A": 0.916467,
    "lgb_B": 0.916223,
    "xgb_B": 0.916376,
    "cat_B": 0.916431,
    "lgb_C": 0.916111,
    "xgb_C": 0.916287,
    "cat_C": 0.916205,
    "lgb_D": 0.916165,
    "xgb_D": 0.916416,
    "cat_D": 0.916291
  },
  "selected": [
    "xgb_A",
    "cat_B",
    "xgb_D",
    "cat_A"
  ]
}